{
  // https://github.com/lnk2past/tortugashell
  // https://hub.docker.com/repository/docker/lnk2past/tortugashell/general
  "image": "lnk2past/tortugashell:latest",
  "forwardPorts": [5006, 8888, 13337],
  "customizations": {
    "vscode": {
      "extensions": [
        "ms-azuretools.vscode-docker",
        "ms-python.python",
        "ms-python.vscode-pylance",
        "ms-toolsai.jupyter",
        "ms-toolsai.jupyter-renderers",
        "VisualStudioExptTeam.vscodeintellicode"
      ]
    }
  }
}